1,990348672,Victoria,Boyer,m,1995-02-08,915-3499 Tellus Rd.,Idaho Falls,OK,121924470,6782783237,lacus.vestibulum.lorem@hotmail.edu,y,y,y,"ut, sem. Nulla interdum."
2,860048715,Derek,Waters,f,2019-03-24,295-7883 Ultrices St.,Jefferson City,AR,591328221,4850756560,nec.leo@protonmail.ca,y,y,n,"egestas, urna justo"
3,768484309,Len,Crosby,m,2000-11-17,"Ap #595-9795 Eu, St.",Glendale,UT,680805050,4820668373,parturient.montes@outlook.couk,y,n,y,dolor. Donec fringilla.
4,901696735,Axel,Barnett,f,2004-01-02,"218-2340 Montes, Avenue",Iowa City,IL,227197075,5667000094,natoque@google.com,y,n,n,Donec egestas. Aliquam nec
5,414476453,Keane,Lindsey,m,1998-01-08,7325 Ultrices Street,Vancouver,IL,616691119,5477768274,amet@protonmail.org,n,n,y,"egestas a, scelerisque sed,"
6,490224666,Leah,Reyes,f,2015-04-29,243-1405 In St.,Richmond,MS,434342106,6310661784,aenean@aol.ca,n,n,y,Quisque ornare tortor at
7,241525137,Kitra,Warner,f,2017-01-08,680-6308 Amet Road,New Orleans,IA,623360794,9669106051,scelerisque.mollis@outlook.ca,n,y,y,ultrices. Vivamus rhoncus.
8,235915498,Quail,Cherry,f,2019-10-15,693-3711 Fringilla Rd.,Eugene,NE,423943209,1437669810,justo.faucibus.lectus@google.net,y,n,y,nonummy ipsum non
9,597689981,Kibo,Mercer,f,2003-11-25,Ap #126-2172 Magna. Rd.,Warren,IA,476456289,9328408812,maecenas@yahoo.org,y,n,n,"eu, placerat"
10,403729359,Hedy,Langley,m,2009-12-12,Ap #890-5460 Augue Rd.,College,OH,407384793,2053810864,sed.est@hotmail.net,y,y,n,eu nibh vulputate mauris
11,566718936,Aline,Reilly,m,2016-05-25,"P.O. Box 533, 8162 Sit Rd.",Denver,CO,906580749,1552757079,netus.et.malesuada@hotmail.com,n,y,y,"Donec tempor, est"
12,212095090,Ivy,Pena,f,1999-08-18,Ap #458-4725 Egestas Ave,Newport News,WY,788530329,1786298550,nulla@outlook.edu,y,n,n,"risus a ultricies adipiscing,"
13,112524503,Laura,Aguirre,m,2009-11-25,9525 Auctor. Street,Portland,WI,176833596,7436920405,pede.ac.urna@hotmail.couk,n,n,y,"gravida. Aliquam tincidunt,"
14,432442425,Josiah,Coffey,m,2013-08-04,"P.O. Box 867, 6032 Risus. Rd.",Reading,AL,203505583,2009982376,eu@yahoo.couk,n,n,y,ipsum. Phasellus vitae mauris
15,653904227,Melanie,Hughes,f,1998-10-30,"5349 Elit, Rd.",Reno,CO,301520343,8982751925,auctor.ullamcorper@yahoo.com,y,y,n,"quis, tristique ac, eleifend vitae,"
16,814059943,Kiayada,Carter,f,2006-09-30,2179 Sed Ave,Anchorage,OR,141746881,7200743819,lorem.ipsum.sodales@hotmail.edu,n,y,n,"erat, in"
17,193037649,Harper,Mcfadden,m,2021-04-01,9442 Ac Road,Fairbanks,AZ,812753325,4530618135,in.lobortis@aol.org,n,n,y,"vel, faucibus id, libero."
18,701169086,Serena,Miller,f,2014-12-08,573-4786 Tempor Avenue,Sterling Heights,FL,201668149,5772902370,phasellus.libero.mauris@hotmail.com,n,n,y,"consequat auctor, nunc nulla"
19,205870171,Zephania,Haney,m,2009-11-30,"P.O. Box 905, 7373 Ante Ave",Chicago,MT,138655843,4914518435,nisi.cum@icloud.net,y,y,n,"eget, venenatis a,"
20,984257858,Yardley,Salazar,f,2022-12-27,"P.O. Box 168, 4811 Nec Street",Laramie,OR,509161853,4228256900,orci.adipiscing@hotmail.couk,n,n,y,"ut, pellentesque"
21,425633954,Colin,Calhoun,m,2011-04-13,8089 Ipsum Av.,Cleveland,WI,286914691,4604671320,neque@google.edu,y,y,n,"vulputate, posuere"
22,830566531,Yetta,Pena,m,1996-05-12,"Ap #636-8890 Eu, Street",Rockford,MI,840308531,5734804938,cras.eget@yahoo.org,n,y,y,"vel, venenatis"
23,737309801,Iliana,Carver,f,2019-10-23,Ap #405-4163 Tellus. St.,Kansas City,AR,936123821,5853600833,libero.mauris.aliquam@yahoo.com,y,y,n,vitae
24,843821697,Conan,Zimmerman,f,2007-03-29,8156 Neque Ave,Wichita,MO,629027190,3376665135,molestie.sed.id@icloud.edu,n,n,n,vitae mauris sit amet
25,309574286,Tobias,Duffy,f,1998-05-28,"Ap #121-8755 Vulputate, Street",Henderson,NE,590505855,9827450956,risus.donec@protonmail.org,n,n,n,Aliquam vulputate ullamcorper
26,308116491,Madeson,Campos,m,2020-06-18,"998-8216 Augue, Road",Juneau,OH,706438062,1816145061,lobortis.ultrices@hotmail.edu,n,y,n,arcu. Morbi sit
27,150954752,Ginger,Alston,f,2006-03-09,Ap #996-1540 Integer St.,Fort Wayne,ID,233649350,6850058821,nec.eleifend.non@aol.ca,n,y,n,ut dolor dapibus
28,167318679,Nora,Christensen,m,1994-12-28,Ap #318-8869 Nunc Av.,Gary,TX,267775350,3452116118,sem.magna@yahoo.org,n,n,y,"amet, consectetuer adipiscing"
29,480964446,Drake,Benson,f,2020-06-21,945-1773 Sem St.,Metairie,VT,159274807,3722348973,nec.metus@google.com,n,n,n,"dictum placerat, augue. Sed"
30,910368593,Cora,Becker,f,1998-02-17,"P.O. Box 408, 7382 Sed Ave",Tacoma,OR,304081408,4143331894,nam@yahoo.com,y,y,y,sagittis semper. Nam
31,802798163,Audra,Sandoval,f,2022-02-13,"P.O. Box 534, 4940 Eros Rd.",Columbia,WA,106122578,9408706197,velit@outlook.com,n,y,n,"dictum eleifend, nunc risus varius"
32,944770861,Quamar,Owen,m,2009-01-23,618-3138 Morbi Street,Nashville,IN,392801234,6840855305,eu@aol.com,y,n,n,metus
33,362335248,Theodore,Glass,f,2013-01-06,"P.O. Box 101, 8320 Egestas St.",Detroit,UT,703159205,8139438808,sed.hendrerit@protonmail.net,y,y,n,"cursus in,"
34,660866319,Gary,Terrell,m,2010-12-17,770 Ante Ave,Erie,OR,590014896,8649709282,dolor.fusce@outlook.com,y,y,y,"elit. Etiam laoreet, libero et"
35,635802341,Jael,Snyder,m,2007-08-23,"P.O. Box 258, 8809 Tristique Ave",Laramie,LA,901600334,2010904308,a.enim@aol.org,n,n,y,arcu. Morbi sit amet
36,149683196,Cheyenne,Fowler,m,2004-03-26,728-7059 Interdum. St.,Rutland,WI,364091733,6577335829,nibh.enim@google.com,n,y,n,ut quam vel sapien
37,317437020,Ahmed,Lewis,f,2010-10-01,"P.O. Box 884, 7196 Ac Street",Butte,GA,334033560,6386584079,diam.proin@icloud.org,n,n,n,euismod urna. Nullam
38,753953181,Denton,Strong,f,1996-07-24,406-4381 Mi. Rd.,Colchester,KS,638365988,7535956278,phasellus.nulla.integer@hotmail.edu,n,y,y,"a purus. Duis elementum, dui"
39,596697975,Jesse,Travis,f,2013-07-23,"P.O. Box 252, 4392 Neque St.",Davenport,ME,762581858,9666709664,sem.molestie@yahoo.edu,n,y,n,"scelerisque, lorem ipsum sodales"
40,640657787,Vernon,Wooten,f,2011-04-06,278-8020 Ornare Rd.,Erie,CT,845955664,6101265757,nec.ligula@outlook.com,n,n,y,sagittis
41,338625846,Phelan,Acevedo,m,1996-01-05,Ap #155-8340 Ut St.,Warren,IL,949014772,5893091870,fusce.fermentum.fermentum@yahoo.couk,y,n,n,"convallis, ante lectus convallis est,"
42,849490166,Carter,Haley,m,2018-08-02,"P.O. Box 999, 4067 Non, St.",Casper,IA,207356624,7698086061,consectetuer@hotmail.com,y,y,n,imperdiet dictum magna.
43,782268826,Emery,Beach,m,2002-06-03,Ap #369-8331 Enim. Ave,Kenosha,HI,229293134,9382209863,ac.mi@hotmail.org,n,n,y,nascetur ridiculus mus.
44,779852335,Ezra,Byrd,m,2006-04-09,2332 Nulla. Rd.,Baltimore,NV,917515396,3424579216,nisl@google.com,y,n,n,"conubia nostra, per"
45,299966254,Charity,Wong,f,1995-11-09,Ap #408-2570 Orci Road,Cambridge,CA,336003625,1726741172,duis.dignissim@protonmail.ca,y,n,n,nibh. Phasellus
46,625379169,Brandon,Wooten,m,2019-09-14,8609 Nonummy Ave,South Bend,VA,502514918,6721947220,tristique.pellentesque.tellus@protonmail.couk,y,y,n,bibendum. Donec
47,999698859,Keefe,Cleveland,m,1996-11-23,Ap #625-8095 Lorem Avenue,Boston,LA,868739183,1827760479,neque@hotmail.com,y,y,y,Quisque tincidunt pede ac urna.
48,473610970,Troy,Reilly,m,2020-11-24,"P.O. Box 856, 7526 Parturient Ave",Wichita,CA,162873493,3724649419,in@hotmail.org,n,y,y,vel turpis. Aliquam adipiscing
49,697203702,Tara,Cline,f,1995-04-20,Ap #688-6107 Egestas Street,Montpelier,UT,321445200,6492177172,nunc.in@protonmail.ca,y,n,n,ut odio vel
50,719649728,Alfonso,Ortiz,m,2010-07-15,631-4010 Vestibulum Rd.,Springfield,HI,632272227,2338434874,nulla.interdum.curabitur@yahoo.edu,n,y,n,purus gravida sagittis.
51,973155196,Karen,Ryan,f,2002-04-07,999-7054 Nulla. Rd.,Reno,VA,836950663,7483698122,vulputate.risus@aol.net,n,y,y,vestibulum massa rutrum magna. Cras
52,756762573,Wang,Hudson,f,1994-11-20,"7393 Laoreet, Ave",Cedar Rapids,AL,361257165,2733825967,elit.dictum@icloud.net,y,n,n,arcu. Curabitur ut odio
53,405224463,Tallulah,Huber,f,2003-04-14,9593 Dui Rd.,Oklahoma City,IN,256994557,9239822561,nulla@google.org,n,n,n,"eu tellus. Phasellus elit pede,"
54,158361417,Bernard,Glenn,f,2013-11-04,3941 Arcu. Av.,Shreveport,CO,177288811,9322079457,lorem.ut.aliquam@icloud.org,n,y,n,Etiam bibendum fermentum metus.
55,888497684,Nolan,Austin,m,1998-12-11,"P.O. Box 617, 5744 Pellentesque Rd.",Mesa,MS,347730572,6648727230,enim.nisl.elementum@hotmail.net,n,n,y,Proin sed turpis nec mauris
56,604763234,Kevin,Roberts,m,2017-05-08,732-9622 Dolor Av.,Huntsville,KS,143752635,4338488972,donec.est@hotmail.net,n,y,n,"Nunc ullamcorper,"
57,336422785,Tallulah,Fox,f,2013-06-14,Ap #186-4572 Praesent Rd.,Kansas City,ME,884780427,4927065049,amet@icloud.edu,n,y,y,sagittis. Nullam vitae diam. Proin
58,201279212,Samuel,Dillon,f,2012-12-21,198-4542 Sem Road,Little Rock,MD,312474867,6589484468,aliquam.nisl.nulla@outlook.com,y,n,n,malesuada fames ac turpis
59,346925653,Ila,Jacobs,f,2020-03-09,5790 Curabitur St.,Tuscaloosa,MD,527680119,6521167375,facilisis.eget.ipsum@aol.net,n,n,n,lobortis risus.
60,646314528,Price,Rojas,f,2023-03-01,6090 Elementum St.,Lakewood,AL,757385903,7107346377,lacinia.mattis@google.org,y,y,y,"Nam ligula elit, pretium"
61,141566098,Channing,Rush,f,2018-01-13,6195 Orci Av.,Omaha,NV,283878042,7176667920,erat.neque@icloud.couk,n,y,n,mauris erat
62,152700748,Britanney,Cook,m,2012-09-28,Ap #315-1424 Commodo Street,Tulsa,OK,342229426,5319967481,a.feugiat.tellus@protonmail.net,y,n,y,ridiculus mus. Donec
63,526707511,Karyn,Stokes,f,2022-12-03,Ap #350-4011 Sit St.,Baton Rouge,IN,673375889,6841025349,ac@hotmail.com,y,y,n,"dui. Fusce aliquam, enim"
64,750885196,Nell,Russell,f,2016-09-06,277-8632 Aliquam Avenue,Norfolk,MO,853145922,6922279762,felis.eget@hotmail.edu,n,y,n,"elementum, dui quis"
65,773081637,Katell,Silva,m,2019-01-01,583-983 Vitae St.,Lakewood,AZ,113677524,7893548010,elementum.sem@hotmail.com,y,y,n,"bibendum sed, est. Nunc"
66,785478425,Emi,Simon,m,2008-10-26,"P.O. Box 273, 5142 Pellentesque Rd.",Detroit,WY,392450617,2396646824,montes@google.couk,n,y,y,molestie arcu.
67,292112175,Cody,Parks,f,2022-04-23,462-3519 Lorem Rd.,Los Angeles,ID,991494707,7071944742,mollis.dui@google.edu,n,n,n,risus. In
68,413190717,Ora,Vang,f,2004-10-27,557-4015 Donec Rd.,Juneau,MI,214735870,1636538466,fusce@yahoo.edu,n,n,y,"Sed pharetra,"
69,284213912,Roanna,Finch,m,2013-01-08,"223-4732 Nec, Road",Sioux City,CA,427779610,1394878367,lorem.ipsum@outlook.org,y,y,n,feugiat
70,572392778,Lillith,Ratliff,f,2004-06-11,Ap #230-1469 Turpis St.,Owensboro,ME,583445647,2533181670,quis.diam@protonmail.couk,n,y,y,penatibus et magnis
71,747068987,Leigh,Hendrix,m,2014-01-26,7078 Scelerisque Ave,Hartford,WA,128961162,9131136299,vestibulum.neque.sed@yahoo.couk,n,y,n,molestie sodales. Mauris blandit
72,715345123,Blake,Whitley,f,2001-04-30,3985 Primis Street,San Diego,NE,430102905,8595581209,semper.auctor.mauris@aol.couk,y,y,n,dolor sit
73,990718640,Rhoda,Stephens,m,2012-12-02,536-5037 Velit. Ave,Sandy,MT,886246974,2903332252,molestie.sed@outlook.couk,n,y,y,sem
74,270967206,Delilah,Camacho,f,1998-10-05,"451-6947 Enim, St.",Spokane,NV,143153745,7921298314,mauris.eu.elit@icloud.org,y,y,n,Sed malesuada
75,967221715,Gloria,Rose,f,1994-08-23,Ap #440-9428 Libero Street,Pocatello,CO,841607068,7326825026,quis@outlook.org,n,n,n,massa non
76,620300263,Ferdinand,Ellis,m,2008-02-24,Ap #411-7722 Tempor Rd.,South Burlington,MT,512604141,7987632886,lobortis.quam@protonmail.com,y,y,y,amet massa.
77,751542262,Indigo,Jimenez,m,2013-02-07,Ap #740-4774 Sapien. Rd.,Naperville,KY,250543201,1126541114,erat.volutpat@google.edu,n,y,y,"scelerisque sed, sapien. Nunc"
78,335205956,Anthony,Walter,f,1996-01-14,Ap #237-9473 Morbi St.,New Haven,MA,440042963,3169384106,malesuada.augue@outlook.ca,y,n,n,sociis natoque penatibus et
79,169590909,Tasha,Saunders,f,2002-06-29,403-3675 Quisque Street,Idaho Falls,NE,332926401,4955855737,urna.nullam.lobortis@hotmail.net,y,n,y,tempor erat neque
80,163100709,Deacon,Cabrera,m,2009-09-03,1257 Magnis Street,Rockville,NV,666215596,8316438990,velit@outlook.ca,y,y,y,"velit dui, semper et, lacinia"
81,266758112,Burke,Gordon,m,1995-11-01,"P.O. Box 387, 8808 Nec Road",Sandy,CT,348516498,5877555081,elementum@icloud.ca,y,y,n,Morbi metus.
82,763247037,Sasha,Mercado,f,1998-05-03,408-302 Ac Rd.,Bloomington,OK,388906892,1931442656,aliquet.sem.ut@outlook.net,n,n,n,magna. Suspendisse tristique neque
83,575061891,Lacota,Fulton,m,2011-06-21,"925-4235 Scelerisque, Ave",North Las Vegas,MD,136687964,1408066773,mattis.semper@google.couk,y,n,y,justo sit amet
84,365753836,Howard,Clay,m,2006-07-15,204 Tincidunt St.,Columbia,AZ,399281427,2685564044,velit.justo@protonmail.couk,y,n,y,tellus
85,158576807,Carson,Brock,f,2004-11-21,"311-7995 Nec, Avenue",Columbus,AZ,293838744,8650616533,velit.in@outlook.couk,y,n,y,amet massa. Quisque porttitor
86,226437917,Conan,Crane,f,1998-11-15,623-3803 Iaculis Rd.,Los Angeles,TX,714433372,8466456786,dui.cum@hotmail.edu,n,n,y,"est ac facilisis facilisis,"
87,269787296,Melanie,Hinton,f,2011-08-23,Ap #943-3376 Metus. St.,Cheyenne,NV,621563532,8661743258,sem.mollis.dui@google.com,y,n,n,"vitae, aliquet nec, imperdiet"
88,870040705,Armand,Monroe,f,2007-02-20,"P.O. Box 732, 369 Felis, Avenue",Paradise,AR,397668696,8755593115,non.arcu.vivamus@aol.org,n,y,y,"ut, pellentesque eget, dictum"
89,707518425,Chancellor,Guerra,f,2003-01-10,406-1648 Dolor St.,Chesapeake,IL,891891587,7019076776,tellus@hotmail.edu,n,n,n,"imperdiet, erat nonummy ultricies"
90,681058089,Macy,Wilder,m,1997-03-23,"P.O. Box 125, 2790 In St.",Denver,AL,384681014,5644816785,turpis@aol.ca,n,y,n,"orci lacus vestibulum lorem,"
91,454998271,Jared,Maddox,m,1995-05-01,Ap #508-6127 Turpis Rd.,Topeka,KY,313537296,7790846924,a.ultricies@hotmail.net,y,y,n,mauris eu elit.
92,228598924,Zane,Graham,m,2011-03-12,108-1500 Leo. Ave,Frederick,MS,243963899,3316368741,aliquet.lobortis.nisi@outlook.edu,y,n,y,"vestibulum lorem, sit amet"
93,448493779,Tashya,Woodard,f,2023-03-24,8311 Iaculis Av.,Billings,KY,249598111,1981939014,gravida.sit@icloud.org,y,n,n,ligula eu enim.
94,261913920,Garrett,Espinoza,f,2005-09-24,961-1701 Magna Ave,Bellevue,MN,684748877,7487294143,volutpat.ornare@google.couk,y,n,y,cursus vestibulum. Mauris magna.
95,245590436,Howard,Conrad,f,2018-12-25,Ap #816-9397 Dolor. Ave,South Bend,IN,490423947,1670055747,quis.tristique@outlook.couk,n,n,y,tincidunt dui
96,666226968,Chancellor,Hewitt,m,2004-12-20,5583 Sit Road,Tampa,FL,591784656,2496769217,purus.gravida@protonmail.couk,n,n,n,semper auctor. Mauris
97,729102052,Nora,Mcgee,m,2013-06-01,Ap #391-4034 Nulla Rd.,Detroit,MD,363045297,4083176378,sem.semper@hotmail.org,n,n,y,Pellentesque habitant morbi tristique senectus
98,786660298,Derek,Lancaster,m,2006-08-27,Ap #799-4727 Facilisis Road,Georgia,KS,597578858,8729390657,aenean.eget@yahoo.ca,y,y,n,Aliquam nec enim. Nunc ut
99,944927130,Shellie,Chang,f,2022-03-22,Ap #275-285 Ornare St.,Tulsa,MS,419091081,6919016365,egestas.fusce@protonmail.org,y,y,n,est. Mauris eu turpis.
100,284383608,Hyacinth,Kirby,f,2009-09-30,"P.O. Box 750, 5107 Semper Road",Boston,ME,610889578,2547836884,nunc.ullamcorper@yahoo.net,y,y,n,Duis dignissim